{
  "project_info": {
    "project_number": "431560445330",
    "project_id": "mabs-2e4f0",
    "storage_bucket": "mabs-2e4f0.firebasestorage.app"
  },
  "client": [
    {
      "client_info": {
        "mobilesdk_app_id": "1:431560445330:android:f839cfb2c0f0847f66454b",
        "android_client_info": {
          "package_name": "com.example.mabs"
        }
      },
      "oauth_client": [],
      "api_key": [
        {
          "current_key": "AIzaSyB2k1AufMn-GTzUKqw-8s_QSEyWt8azbCg"
        }
      ],
      "services": {
        "appinvite_service": {
          "other_platform_oauth_client": []
        }
      }
    }
  ],
  "configuration_version": "1"
}